INSERT INTO TB_CATEGORIES (ID, NAME, CODE, SEQUENCE) VALUES( '10000007-0000-0000-0000-000000000001', 'Demo', 'DEMO', 0);
INSERT INTO TB_CATEGORIES (ID, NAME, CODE, SEQUENCE) VALUES( '10000007-0000-0000-0000-000000000002', 'Site Management', 'ADMIN', 1);

INSERT INTO TB_SYSTEMS (ID, NAME, CODE, SEQUENCE, URL, OPEN_WINDOW, TB_CATEGORIES_ID, SHOWED) VALUES( '10000008-0000-0000-0000-000000000001', 'Yahoo', 'YAHOO', 1, 'https://www.yahoo.com', 1, '10000007-0000-0000-0000-000000000001',1);
INSERT INTO TB_SYSTEMS (ID, NAME, CODE, SEQUENCE, URL, OPEN_WINDOW, TB_CATEGORIES_ID, SHOWED) VALUES( '10000008-0000-0000-0000-000000000002', 'Google', 'GOOGLE', 2, 'https://www.google.com', 1, '10000007-0000-0000-0000-000000000001',1);
INSERT INTO TB_SYSTEMS (ID, NAME, CODE, SEQUENCE, URL, OPEN_WINDOW, TB_CATEGORIES_ID, SHOWED) VALUES( '10000008-0000-0000-0000-000000000003', 'Management', 'EASPortalM', 3, 'https://localhost:7443/EASPortalM', 0, '10000007-0000-0000-0000-000000000002',1);
INSERT INTO TB_SYSTEMS (ID, NAME, CODE, SEQUENCE, URL, OPEN_WINDOW, TB_CATEGORIES_ID, SHOWED) VALUES( '10000008-0000-0000-0000-000000000004', 'Java JSF Template System', 'EASJavaJSFTemplate', 4, 'https://localhost:6443/EASJavaJSFTemplate', 0, '10000007-0000-0000-0000-000000000001',1);
INSERT INTO TB_SYSTEMS (ID, NAME, CODE, SEQUENCE, URL, OPEN_WINDOW, TB_CATEGORIES_ID, SHOWED) VALUES( '10000008-0000-0000-0000-000000000005', 'Portal', 'EASPortal', 0, 'https://localhost:8443/EASPortal', 0, '10000007-0000-0000-0000-000000000002',0);

INSERT INTO TB_GROUPS (ID, NAME, CODE, TB_SYSTEMS_ID) VALUES( '10000005-0000-0000-0000-000000000001', 'Management', 'MANAGE', '10000008-0000-0000-0000-000000000003');
INSERT INTO TB_GROUPS (ID, NAME, CODE, TB_SYSTEMS_ID) VALUES( '10000005-0000-0000-0000-000000000002', 'Yahoo Group', 'YahooGroup', '10000008-0000-0000-0000-000000000001');
INSERT INTO TB_GROUPS (ID, NAME, CODE, TB_SYSTEMS_ID) VALUES( '10000005-0000-0000-0000-000000000003', 'Google Group', 'GoogleGroup', '10000008-0000-0000-0000-000000000002');
INSERT INTO TB_GROUPS (ID, NAME, CODE, TB_SYSTEMS_ID) VALUES( '10000005-0000-0000-0000-000000000004', 'Demo Group', 'DemoGroup', '10000008-0000-0000-0000-000000000004');
INSERT INTO TB_GROUPS (ID, NAME, CODE, TB_SYSTEMS_ID) VALUES( '10000005-0000-0000-0000-000000000005', 'Portal Group', 'PortalGroup', '10000008-0000-0000-0000-000000000005');

INSERT INTO TB_USERS (ID, NAME, ACCOUNT, PASSWORD, ENABLED, EMAIL) VALUES( '10000006-0000-0000-0000-000000000001', 'ADMIN', 'ADMIN',  '',true, 'abc@sample.com');

INSERT INTO TB_USERS_GROUPS (TB_USERS_ID, TB_GROUPS_ID) VALUES( '10000006-0000-0000-0000-000000000001', '10000005-0000-0000-0000-000000000001');
INSERT INTO TB_USERS_GROUPS (TB_USERS_ID, TB_GROUPS_ID) VALUES( '10000006-0000-0000-0000-000000000001', '10000005-0000-0000-0000-000000000002');
INSERT INTO TB_USERS_GROUPS (TB_USERS_ID, TB_GROUPS_ID) VALUES( '10000006-0000-0000-0000-000000000001', '10000005-0000-0000-0000-000000000003');
INSERT INTO TB_USERS_GROUPS (TB_USERS_ID, TB_GROUPS_ID) VALUES( '10000006-0000-0000-0000-000000000001', '10000005-0000-0000-0000-000000000004');
INSERT INTO TB_USERS_GROUPS (TB_USERS_ID, TB_GROUPS_ID) VALUES( '10000006-0000-0000-0000-000000000001', '10000005-0000-0000-0000-000000000005');

INSERT INTO TB_MODULES (ID, NAME, CODE, SEQUENCE, TB_SYSTEMS_ID, SHOWED) VALUES( '10000003-0000-0000-0000-000000000001', 'System Management Module', 'SYSTEM',1, '10000008-0000-0000-0000-000000000003', 1);
INSERT INTO TB_MODULES (ID, NAME, CODE, SEQUENCE, TB_SYSTEMS_ID, SHOWED) VALUES( '10000003-0000-0000-0000-000000000002', 'Demo Module', 'DEMO',1, '10000008-0000-0000-0000-000000000004', 1);
INSERT INTO TB_MODULES (ID, NAME, CODE, SEQUENCE, TB_SYSTEMS_ID, SHOWED) VALUES( '10000003-0000-0000-0000-000000000003', 'Portal Module', 'Portal',1, '10000008-0000-0000-0000-000000000005', 0);

INSERT INTO TB_FUNCTIONS (ID, NAME, CODE, OUTCOME, SEQUENCE, TB_SYSTEMS_ID, TB_MODULES_ID, SHOWED) VALUES( '10000002-0000-0000-0000-000000000001', 'Home', 'home', 'home', 0, '10000008-0000-0000-0000-000000000003', '10000003-0000-0000-0000-000000000001', 0);
INSERT INTO TB_FUNCTIONS (ID, NAME, CODE, OUTCOME, SEQUENCE, TB_SYSTEMS_ID, TB_MODULES_ID, SHOWED) VALUES( '10000002-0000-0000-0000-000000000002', 'Function item Config', 'functionItem', 'functionItem', 3, '10000008-0000-0000-0000-000000000003', '10000003-0000-0000-0000-000000000001', 1);
INSERT INTO TB_FUNCTIONS (ID, NAME, CODE, OUTCOME, SEQUENCE, TB_SYSTEMS_ID, TB_MODULES_ID, SHOWED) VALUES( '10000002-0000-0000-0000-000000000003', 'Function Config', 'function', 'function', 4, '10000008-0000-0000-0000-000000000003', '10000003-0000-0000-0000-000000000001', 1);
INSERT INTO TB_FUNCTIONS (ID, NAME, CODE, OUTCOME, SEQUENCE, TB_SYSTEMS_ID, TB_MODULES_ID, SHOWED) VALUES( '10000002-0000-0000-0000-000000000004', 'Group Config', 'group', 'group', 5, '10000008-0000-0000-0000-000000000003', '10000003-0000-0000-0000-000000000001', 1);
INSERT INTO TB_FUNCTIONS (ID, NAME, CODE, OUTCOME, SEQUENCE, TB_SYSTEMS_ID, TB_MODULES_ID, SHOWED) VALUES( '10000002-0000-0000-0000-000000000005', 'User Config', 'user', 'user', 6, '10000008-0000-0000-0000-000000000003', '10000003-0000-0000-0000-000000000001', 1);
INSERT INTO TB_FUNCTIONS (ID, NAME, CODE, OUTCOME, SEQUENCE, TB_SYSTEMS_ID, TB_MODULES_ID, SHOWED) VALUES( '10000002-0000-0000-0000-000000000006', 'Module Config', 'module', 'module', 7, '10000008-0000-0000-0000-000000000003', '10000003-0000-0000-0000-000000000001', 1);
INSERT INTO TB_FUNCTIONS (ID, NAME, CODE, OUTCOME, SEQUENCE, TB_SYSTEMS_ID, TB_MODULES_ID, SHOWED) VALUES( '10000002-0000-0000-0000-000000000007', 'Category Config', 'category', 'category', 1, '10000008-0000-0000-0000-000000000003', '10000003-0000-0000-0000-000000000001', 1);
INSERT INTO TB_FUNCTIONS (ID, NAME, CODE, OUTCOME, SEQUENCE, TB_SYSTEMS_ID, TB_MODULES_ID, SHOWED) VALUES( '10000002-0000-0000-0000-000000000008', 'System Config', 'system', 'system', 2, '10000008-0000-0000-0000-000000000003', '10000003-0000-0000-0000-000000000001', 1);
INSERT INTO TB_FUNCTIONS (ID, NAME, CODE, OUTCOME, SEQUENCE, TB_SYSTEMS_ID, TB_MODULES_ID, SHOWED) VALUES( '10000002-0000-0000-0000-000000000009', 'Master', 'master', 'master', 1, '10000008-0000-0000-0000-000000000004', '10000003-0000-0000-0000-000000000002', 1);
INSERT INTO TB_FUNCTIONS (ID, NAME, CODE, OUTCOME, SEQUENCE, TB_SYSTEMS_ID, TB_MODULES_ID, SHOWED) VALUES( '10000002-0000-0000-0000-000000000010', 'Detail', 'detail', 'detail', 2, '10000008-0000-0000-0000-000000000004', '10000003-0000-0000-0000-000000000002', 1);
INSERT INTO TB_FUNCTIONS (ID, NAME, CODE, OUTCOME, SEQUENCE, TB_SYSTEMS_ID, TB_MODULES_ID, SHOWED) VALUES( '10000002-0000-0000-0000-000000000011', 'Many1', 'many1', 'many1', 3, '10000008-0000-0000-0000-000000000004', '10000003-0000-0000-0000-000000000002', 1);
INSERT INTO TB_FUNCTIONS (ID, NAME, CODE, OUTCOME, SEQUENCE, TB_SYSTEMS_ID, TB_MODULES_ID, SHOWED) VALUES( '10000002-0000-0000-0000-000000000012', 'Home', 'home', 'home', 0, '10000008-0000-0000-0000-000000000004', '10000003-0000-0000-0000-000000000002', 0);
INSERT INTO TB_FUNCTIONS (ID, NAME, CODE, OUTCOME, SEQUENCE, TB_SYSTEMS_ID, TB_MODULES_ID, SHOWED) VALUES( '10000002-0000-0000-0000-000000000013', 'Home', 'home', 'home', 0, '10000008-0000-0000-0000-000000000005', '10000003-0000-0000-0000-000000000003', 0);

INSERT INTO TB_FUNCTIONS_ITEMS (ID, NAME, CODE, URL, TB_FUNCTIONS_ID) VALUES( '10000001-0000-0000-0000-000000000000', 'BackOffice', 'default', '/kernel/default.jsf', '10000002-0000-0000-0000-000000000001');
INSERT INTO TB_FUNCTIONS_ITEMS (ID, NAME, CODE, URL, TB_FUNCTIONS_ID) VALUES( '10000001-0000-0000-0000-000000000001', 'Query function item', 'query', '/kernel/functionItem/readFunctionItem.jsf', '10000002-0000-0000-0000-000000000002');
INSERT INTO TB_FUNCTIONS_ITEMS (ID, NAME, CODE, URL, TB_FUNCTIONS_ID) VALUES( '10000001-0000-0000-0000-000000000002', 'Create function item', 'create', '/kernel/functionItem/createFunctionItem.jsf', '10000002-0000-0000-0000-000000000002');
INSERT INTO TB_FUNCTIONS_ITEMS (ID, NAME, CODE, URL, TB_FUNCTIONS_ID) VALUES( '10000001-0000-0000-0000-000000000003', 'Update function item', 'update', '/kernel/functionItem/updateFunctionItem.jsf', '10000002-0000-0000-0000-000000000002');
INSERT INTO TB_FUNCTIONS_ITEMS (ID, NAME, CODE, URL, TB_FUNCTIONS_ID) VALUES( '10000001-0000-0000-0000-000000000004', 'Delete function item', 'delete', '/kernel/functionItem/updateFunctionItem.jsf', '10000002-0000-0000-0000-000000000002');
INSERT INTO TB_FUNCTIONS_ITEMS (ID, NAME, CODE, URL, TB_FUNCTIONS_ID) VALUES( '10000001-0000-0000-0000-000000000005', 'Query function', 'query', '/kernel/function/readFunction.jsf', '10000002-0000-0000-0000-000000000003');
INSERT INTO TB_FUNCTIONS_ITEMS (ID, NAME, CODE, URL, TB_FUNCTIONS_ID) VALUES( '10000001-0000-0000-0000-000000000006', 'Create function', 'create', '/kernel/function/createFunction.jsf', '10000002-0000-0000-0000-000000000003');
INSERT INTO TB_FUNCTIONS_ITEMS (ID, NAME, CODE, URL, TB_FUNCTIONS_ID) VALUES( '10000001-0000-0000-0000-000000000007', 'Update function', 'update', '/kernel/function/updateFunction.jsf', '10000002-0000-0000-0000-000000000003');
INSERT INTO TB_FUNCTIONS_ITEMS (ID, NAME, CODE, URL, TB_FUNCTIONS_ID) VALUES( '10000001-0000-0000-0000-000000000008', 'Delete function', 'delete', '/kernel/function/updateFunction.jsf', '10000002-0000-0000-0000-000000000003');
INSERT INTO TB_FUNCTIONS_ITEMS (ID, NAME, CODE, URL, TB_FUNCTIONS_ID) VALUES( '10000001-0000-0000-0000-000000000009', 'Query group', 'query', '/kernel/group/readGroup.jsf', '10000002-0000-0000-0000-000000000004');
INSERT INTO TB_FUNCTIONS_ITEMS (ID, NAME, CODE, URL, TB_FUNCTIONS_ID) VALUES( '10000001-0000-0000-0000-000000000010', 'Create group', 'create', '/kernel/group/createGroup.jsf', '10000002-0000-0000-0000-000000000004');
INSERT INTO TB_FUNCTIONS_ITEMS (ID, NAME, CODE, URL, TB_FUNCTIONS_ID) VALUES( '10000001-0000-0000-0000-000000000011', 'Update group', 'update', '/kernel/group/updateGroup.jsf', '10000002-0000-0000-0000-000000000004');
INSERT INTO TB_FUNCTIONS_ITEMS (ID, NAME, CODE, URL, TB_FUNCTIONS_ID) VALUES( '10000001-0000-0000-0000-000000000012', 'Delete group', 'delete', '/kernel/group/updateGroup.jsf', '10000002-0000-0000-0000-000000000004');
INSERT INTO TB_FUNCTIONS_ITEMS (ID, NAME, CODE, URL, TB_FUNCTIONS_ID) VALUES( '10000001-0000-0000-0000-000000000013', 'Query user', 'query', '/kernel/user/readUser.jsf', '10000002-0000-0000-0000-000000000005');
INSERT INTO TB_FUNCTIONS_ITEMS (ID, NAME, CODE, URL, TB_FUNCTIONS_ID) VALUES( '10000001-0000-0000-0000-000000000014', 'Create user', 'create', '/kernel/user/createUser.jsf', '10000002-0000-0000-0000-000000000005');
INSERT INTO TB_FUNCTIONS_ITEMS (ID, NAME, CODE, URL, TB_FUNCTIONS_ID) VALUES( '10000001-0000-0000-0000-000000000015', 'Update user', 'update', '/kernel/user/updateUser.jsf', '10000002-0000-0000-0000-000000000005');
INSERT INTO TB_FUNCTIONS_ITEMS (ID, NAME, CODE, URL, TB_FUNCTIONS_ID) VALUES( '10000001-0000-0000-0000-000000000016', 'Delete user', 'delete', '/kernel/user/updateUser.jsf', '10000002-0000-0000-0000-000000000005');
INSERT INTO TB_FUNCTIONS_ITEMS (ID, NAME, CODE, URL, TB_FUNCTIONS_ID) VALUES( '10000001-0000-0000-0000-000000000017', 'Query module', 'query', '/kernel/module/readModule.jsf', '10000002-0000-0000-0000-000000000006');
INSERT INTO TB_FUNCTIONS_ITEMS (ID, NAME, CODE, URL, TB_FUNCTIONS_ID) VALUES( '10000001-0000-0000-0000-000000000018', 'Create module', 'create', '/kernel/module/createModule.jsf', '10000002-0000-0000-0000-000000000006');
INSERT INTO TB_FUNCTIONS_ITEMS (ID, NAME, CODE, URL, TB_FUNCTIONS_ID) VALUES( '10000001-0000-0000-0000-000000000019', 'Update module', 'update', '/kernel/module/updateModule.jsf', '10000002-0000-0000-0000-000000000006');
INSERT INTO TB_FUNCTIONS_ITEMS (ID, NAME, CODE, URL, TB_FUNCTIONS_ID) VALUES( '10000001-0000-0000-0000-000000000020', 'Delete module', 'delete', '/kernel/module/updateModule.jsf', '10000002-0000-0000-0000-000000000006');
INSERT INTO TB_FUNCTIONS_ITEMS (ID, NAME, CODE, URL, TB_FUNCTIONS_ID) VALUES( '10000001-0000-0000-0000-000000000021', 'Query category', 'query', '/kernel/category/readCategory.jsf', '10000002-0000-0000-0000-000000000007');
INSERT INTO TB_FUNCTIONS_ITEMS (ID, NAME, CODE, URL, TB_FUNCTIONS_ID) VALUES( '10000001-0000-0000-0000-000000000022', 'Create category', 'create', '/kernel/category/createCategory.jsf', '10000002-0000-0000-0000-000000000007');
INSERT INTO TB_FUNCTIONS_ITEMS (ID, NAME, CODE, URL, TB_FUNCTIONS_ID) VALUES( '10000001-0000-0000-0000-000000000023', 'Update category', 'update', '/kernel/category/updateCategory.jsf', '10000002-0000-0000-0000-000000000007');
INSERT INTO TB_FUNCTIONS_ITEMS (ID, NAME, CODE, URL, TB_FUNCTIONS_ID) VALUES( '10000001-0000-0000-0000-000000000024', 'Delete category', 'delete', '/kernel/category/updateCategory.jsf', '10000002-0000-0000-0000-000000000007');
INSERT INTO TB_FUNCTIONS_ITEMS (ID, NAME, CODE, URL, TB_FUNCTIONS_ID) VALUES( '10000001-0000-0000-0000-000000000025', 'Query system', 'query', '/kernel/system/readSystem.jsf', '10000002-0000-0000-0000-000000000008');
INSERT INTO TB_FUNCTIONS_ITEMS (ID, NAME, CODE, URL, TB_FUNCTIONS_ID) VALUES( '10000001-0000-0000-0000-000000000026', 'Create system', 'create', '/kernel/system/createSystem.jsf', '10000002-0000-0000-0000-000000000008');
INSERT INTO TB_FUNCTIONS_ITEMS (ID, NAME, CODE, URL, TB_FUNCTIONS_ID) VALUES( '10000001-0000-0000-0000-000000000027', 'Update system', 'update', '/kernel/system/updateSystem.jsf', '10000002-0000-0000-0000-000000000008');
INSERT INTO TB_FUNCTIONS_ITEMS (ID, NAME, CODE, URL, TB_FUNCTIONS_ID) VALUES( '10000001-0000-0000-0000-000000000028', 'Delete system', 'delete', '/kernel/system/updateSystem.jsf', '10000002-0000-0000-0000-000000000008');
INSERT INTO TB_FUNCTIONS_ITEMS (ID, NAME, CODE, URL, TB_FUNCTIONS_ID) VALUES( '10000001-0000-0000-0000-000000000029', 'Query master', 'query', '/kernel/master/readMaster.jsf', '10000002-0000-0000-0000-000000000009');
INSERT INTO TB_FUNCTIONS_ITEMS (ID, NAME, CODE, URL, TB_FUNCTIONS_ID) VALUES( '10000001-0000-0000-0000-000000000030', 'Create master', 'create', '/kernel/master/createMaster.jsf', '10000002-0000-0000-0000-000000000009');
INSERT INTO TB_FUNCTIONS_ITEMS (ID, NAME, CODE, URL, TB_FUNCTIONS_ID) VALUES( '10000001-0000-0000-0000-000000000031', 'Update master', 'update', '/kernel/master/updateMaster.jsf', '10000002-0000-0000-0000-000000000009');
INSERT INTO TB_FUNCTIONS_ITEMS (ID, NAME, CODE, URL, TB_FUNCTIONS_ID) VALUES( '10000001-0000-0000-0000-000000000032', 'Delete master', 'delete', '/kernel/master/updateMaster.jsf', '10000002-0000-0000-0000-000000000009');
INSERT INTO TB_FUNCTIONS_ITEMS (ID, NAME, CODE, URL, TB_FUNCTIONS_ID) VALUES( '10000001-0000-0000-0000-000000000033', 'Query detail', 'query', '/kernel/detail/readDetail.jsf', '10000002-0000-0000-0000-000000000010');
INSERT INTO TB_FUNCTIONS_ITEMS (ID, NAME, CODE, URL, TB_FUNCTIONS_ID) VALUES( '10000001-0000-0000-0000-000000000034', 'Create detail', 'create', '/kernel/detail/createDetail.jsf', '10000002-0000-0000-0000-000000000010');
INSERT INTO TB_FUNCTIONS_ITEMS (ID, NAME, CODE, URL, TB_FUNCTIONS_ID) VALUES( '10000001-0000-0000-0000-000000000035', 'Update detail', 'update', '/kernel/detail/updateDetail.jsf', '10000002-0000-0000-0000-000000000010');
INSERT INTO TB_FUNCTIONS_ITEMS (ID, NAME, CODE, URL, TB_FUNCTIONS_ID) VALUES( '10000001-0000-0000-0000-000000000036', 'Delete detail', 'delete', '/kernel/detail/updateDetail.jsf', '10000002-0000-0000-0000-000000000010');
INSERT INTO TB_FUNCTIONS_ITEMS (ID, NAME, CODE, URL, TB_FUNCTIONS_ID) VALUES( '10000001-0000-0000-0000-000000000037', 'Query many1', 'query', '/kernel/many1/readMany1.jsf', '10000002-0000-0000-0000-000000000011');
INSERT INTO TB_FUNCTIONS_ITEMS (ID, NAME, CODE, URL, TB_FUNCTIONS_ID) VALUES( '10000001-0000-0000-0000-000000000038', 'Create many1', 'create', '/kernel/many1/createMany1.jsf', '10000002-0000-0000-0000-000000000011');
INSERT INTO TB_FUNCTIONS_ITEMS (ID, NAME, CODE, URL, TB_FUNCTIONS_ID) VALUES( '10000001-0000-0000-0000-000000000039', 'Update many1', 'update', '/kernel/many1/updateMany1.jsf', '10000002-0000-0000-0000-000000000011');
INSERT INTO TB_FUNCTIONS_ITEMS (ID, NAME, CODE, URL, TB_FUNCTIONS_ID) VALUES( '10000001-0000-0000-0000-000000000040', 'Delete many1', 'delete', '/kernel/many1/updateMany1.jsf', '10000002-0000-0000-0000-000000000011');
INSERT INTO TB_FUNCTIONS_ITEMS (ID, NAME, CODE, URL, TB_FUNCTIONS_ID) VALUES( '10000001-0000-0000-0000-000000000041', 'BackOffice', 'default', '/kernel/default.jsf', '10000002-0000-0000-0000-000000000012');
INSERT INTO TB_FUNCTIONS_ITEMS (ID, NAME, CODE, URL, TB_FUNCTIONS_ID) VALUES( '10000001-0000-0000-0000-000000000042', 'BackOffice', 'default', '/kernel/default.jsf', '10000002-0000-0000-0000-000000000013');

INSERT INTO TB_GROUPS_FUNCTIONS (ID, TB_GROUPS_ID, TB_FUNCTIONS_ID,TB_FUNCTIONS_ITEMS_ID) VALUES('10000009-0000-0000-0000-000000000001', '10000005-0000-0000-0000-000000000001', '10000002-0000-0000-0000-000000000001', '10000001-0000-0000-0000-000000000000');
INSERT INTO TB_GROUPS_FUNCTIONS (ID, TB_GROUPS_ID, TB_FUNCTIONS_ID,TB_FUNCTIONS_ITEMS_ID) VALUES('10000009-0000-0000-0000-000000000002', '10000005-0000-0000-0000-000000000001', '10000002-0000-0000-0000-000000000002', '10000001-0000-0000-0000-000000000001');
INSERT INTO TB_GROUPS_FUNCTIONS (ID, TB_GROUPS_ID, TB_FUNCTIONS_ID,TB_FUNCTIONS_ITEMS_ID) VALUES('10000009-0000-0000-0000-000000000003', '10000005-0000-0000-0000-000000000001', '10000002-0000-0000-0000-000000000002', '10000001-0000-0000-0000-000000000002');
INSERT INTO TB_GROUPS_FUNCTIONS (ID, TB_GROUPS_ID, TB_FUNCTIONS_ID,TB_FUNCTIONS_ITEMS_ID) VALUES('10000009-0000-0000-0000-000000000004', '10000005-0000-0000-0000-000000000001', '10000002-0000-0000-0000-000000000002', '10000001-0000-0000-0000-000000000003');
INSERT INTO TB_GROUPS_FUNCTIONS (ID, TB_GROUPS_ID, TB_FUNCTIONS_ID,TB_FUNCTIONS_ITEMS_ID) VALUES('10000009-0000-0000-0000-000000000005', '10000005-0000-0000-0000-000000000001', '10000002-0000-0000-0000-000000000002', '10000001-0000-0000-0000-000000000004');
INSERT INTO TB_GROUPS_FUNCTIONS (ID, TB_GROUPS_ID, TB_FUNCTIONS_ID,TB_FUNCTIONS_ITEMS_ID) VALUES('10000009-0000-0000-0000-000000000006', '10000005-0000-0000-0000-000000000001', '10000002-0000-0000-0000-000000000003', '10000001-0000-0000-0000-000000000005');
INSERT INTO TB_GROUPS_FUNCTIONS (ID, TB_GROUPS_ID, TB_FUNCTIONS_ID,TB_FUNCTIONS_ITEMS_ID) VALUES('10000009-0000-0000-0000-000000000007', '10000005-0000-0000-0000-000000000001', '10000002-0000-0000-0000-000000000003', '10000001-0000-0000-0000-000000000006');
INSERT INTO TB_GROUPS_FUNCTIONS (ID, TB_GROUPS_ID, TB_FUNCTIONS_ID,TB_FUNCTIONS_ITEMS_ID) VALUES('10000009-0000-0000-0000-000000000008', '10000005-0000-0000-0000-000000000001', '10000002-0000-0000-0000-000000000003', '10000001-0000-0000-0000-000000000007');
INSERT INTO TB_GROUPS_FUNCTIONS (ID, TB_GROUPS_ID, TB_FUNCTIONS_ID,TB_FUNCTIONS_ITEMS_ID) VALUES('10000009-0000-0000-0000-000000000009', '10000005-0000-0000-0000-000000000001', '10000002-0000-0000-0000-000000000003', '10000001-0000-0000-0000-000000000008');
INSERT INTO TB_GROUPS_FUNCTIONS (ID, TB_GROUPS_ID, TB_FUNCTIONS_ID,TB_FUNCTIONS_ITEMS_ID) VALUES('10000009-0000-0000-0000-000000000010', '10000005-0000-0000-0000-000000000001', '10000002-0000-0000-0000-000000000004', '10000001-0000-0000-0000-000000000009');
INSERT INTO TB_GROUPS_FUNCTIONS (ID, TB_GROUPS_ID, TB_FUNCTIONS_ID,TB_FUNCTIONS_ITEMS_ID) VALUES('10000009-0000-0000-0000-000000000011', '10000005-0000-0000-0000-000000000001', '10000002-0000-0000-0000-000000000004', '10000001-0000-0000-0000-000000000010');
INSERT INTO TB_GROUPS_FUNCTIONS (ID, TB_GROUPS_ID, TB_FUNCTIONS_ID,TB_FUNCTIONS_ITEMS_ID) VALUES('10000009-0000-0000-0000-000000000012', '10000005-0000-0000-0000-000000000001', '10000002-0000-0000-0000-000000000004', '10000001-0000-0000-0000-000000000011');
INSERT INTO TB_GROUPS_FUNCTIONS (ID, TB_GROUPS_ID, TB_FUNCTIONS_ID,TB_FUNCTIONS_ITEMS_ID) VALUES('10000009-0000-0000-0000-000000000013', '10000005-0000-0000-0000-000000000001', '10000002-0000-0000-0000-000000000004', '10000001-0000-0000-0000-000000000012');
INSERT INTO TB_GROUPS_FUNCTIONS (ID, TB_GROUPS_ID, TB_FUNCTIONS_ID,TB_FUNCTIONS_ITEMS_ID) VALUES('10000009-0000-0000-0000-000000000014', '10000005-0000-0000-0000-000000000001', '10000002-0000-0000-0000-000000000005', '10000001-0000-0000-0000-000000000015');
INSERT INTO TB_GROUPS_FUNCTIONS (ID, TB_GROUPS_ID, TB_FUNCTIONS_ID,TB_FUNCTIONS_ITEMS_ID) VALUES('10000009-0000-0000-0000-000000000015', '10000005-0000-0000-0000-000000000001', '10000002-0000-0000-0000-000000000005', '10000001-0000-0000-0000-000000000013');
INSERT INTO TB_GROUPS_FUNCTIONS (ID, TB_GROUPS_ID, TB_FUNCTIONS_ID,TB_FUNCTIONS_ITEMS_ID) VALUES('10000009-0000-0000-0000-000000000016', '10000005-0000-0000-0000-000000000001', '10000002-0000-0000-0000-000000000005', '10000001-0000-0000-0000-000000000014');
INSERT INTO TB_GROUPS_FUNCTIONS (ID, TB_GROUPS_ID, TB_FUNCTIONS_ID,TB_FUNCTIONS_ITEMS_ID) VALUES('10000009-0000-0000-0000-000000000017', '10000005-0000-0000-0000-000000000001', '10000002-0000-0000-0000-000000000005', '10000001-0000-0000-0000-000000000016');
INSERT INTO TB_GROUPS_FUNCTIONS (ID, TB_GROUPS_ID, TB_FUNCTIONS_ID,TB_FUNCTIONS_ITEMS_ID) VALUES('10000009-0000-0000-0000-000000000018', '10000005-0000-0000-0000-000000000001', '10000002-0000-0000-0000-000000000006', '10000001-0000-0000-0000-000000000017');
INSERT INTO TB_GROUPS_FUNCTIONS (ID, TB_GROUPS_ID, TB_FUNCTIONS_ID,TB_FUNCTIONS_ITEMS_ID) VALUES('10000009-0000-0000-0000-000000000019', '10000005-0000-0000-0000-000000000001', '10000002-0000-0000-0000-000000000006', '10000001-0000-0000-0000-000000000018');
INSERT INTO TB_GROUPS_FUNCTIONS (ID, TB_GROUPS_ID, TB_FUNCTIONS_ID,TB_FUNCTIONS_ITEMS_ID) VALUES('10000009-0000-0000-0000-000000000020', '10000005-0000-0000-0000-000000000001', '10000002-0000-0000-0000-000000000006', '10000001-0000-0000-0000-000000000019');
INSERT INTO TB_GROUPS_FUNCTIONS (ID, TB_GROUPS_ID, TB_FUNCTIONS_ID,TB_FUNCTIONS_ITEMS_ID) VALUES('10000009-0000-0000-0000-000000000021', '10000005-0000-0000-0000-000000000001', '10000002-0000-0000-0000-000000000006', '10000001-0000-0000-0000-000000000020');
INSERT INTO TB_GROUPS_FUNCTIONS (ID, TB_GROUPS_ID, TB_FUNCTIONS_ID,TB_FUNCTIONS_ITEMS_ID) VALUES('10000009-0000-0000-0000-000000000022', '10000005-0000-0000-0000-000000000001', '10000002-0000-0000-0000-000000000007', '10000001-0000-0000-0000-000000000021');
INSERT INTO TB_GROUPS_FUNCTIONS (ID, TB_GROUPS_ID, TB_FUNCTIONS_ID,TB_FUNCTIONS_ITEMS_ID) VALUES('10000009-0000-0000-0000-000000000023', '10000005-0000-0000-0000-000000000001', '10000002-0000-0000-0000-000000000007', '10000001-0000-0000-0000-000000000022');
INSERT INTO TB_GROUPS_FUNCTIONS (ID, TB_GROUPS_ID, TB_FUNCTIONS_ID,TB_FUNCTIONS_ITEMS_ID) VALUES('10000009-0000-0000-0000-000000000024', '10000005-0000-0000-0000-000000000001', '10000002-0000-0000-0000-000000000007', '10000001-0000-0000-0000-000000000023');
INSERT INTO TB_GROUPS_FUNCTIONS (ID, TB_GROUPS_ID, TB_FUNCTIONS_ID,TB_FUNCTIONS_ITEMS_ID) VALUES('10000009-0000-0000-0000-000000000025', '10000005-0000-0000-0000-000000000001', '10000002-0000-0000-0000-000000000007', '10000001-0000-0000-0000-000000000024');
INSERT INTO TB_GROUPS_FUNCTIONS (ID, TB_GROUPS_ID, TB_FUNCTIONS_ID,TB_FUNCTIONS_ITEMS_ID) VALUES('10000009-0000-0000-0000-000000000026', '10000005-0000-0000-0000-000000000001', '10000002-0000-0000-0000-000000000008', '10000001-0000-0000-0000-000000000025');
INSERT INTO TB_GROUPS_FUNCTIONS (ID, TB_GROUPS_ID, TB_FUNCTIONS_ID,TB_FUNCTIONS_ITEMS_ID) VALUES('10000009-0000-0000-0000-000000000027', '10000005-0000-0000-0000-000000000001', '10000002-0000-0000-0000-000000000008', '10000001-0000-0000-0000-000000000026');
INSERT INTO TB_GROUPS_FUNCTIONS (ID, TB_GROUPS_ID, TB_FUNCTIONS_ID,TB_FUNCTIONS_ITEMS_ID) VALUES('10000009-0000-0000-0000-000000000028', '10000005-0000-0000-0000-000000000001', '10000002-0000-0000-0000-000000000008', '10000001-0000-0000-0000-000000000027');
INSERT INTO TB_GROUPS_FUNCTIONS (ID, TB_GROUPS_ID, TB_FUNCTIONS_ID,TB_FUNCTIONS_ITEMS_ID) VALUES('10000009-0000-0000-0000-000000000029', '10000005-0000-0000-0000-000000000001', '10000002-0000-0000-0000-000000000008', '10000001-0000-0000-0000-000000000028');
INSERT INTO TB_GROUPS_FUNCTIONS (ID, TB_GROUPS_ID, TB_FUNCTIONS_ID,TB_FUNCTIONS_ITEMS_ID) VALUES('10000009-0000-0000-0000-000000000030', '10000005-0000-0000-0000-000000000004', '10000002-0000-0000-0000-000000000009', '10000001-0000-0000-0000-000000000029');
INSERT INTO TB_GROUPS_FUNCTIONS (ID, TB_GROUPS_ID, TB_FUNCTIONS_ID,TB_FUNCTIONS_ITEMS_ID) VALUES('10000009-0000-0000-0000-000000000031', '10000005-0000-0000-0000-000000000004', '10000002-0000-0000-0000-000000000009', '10000001-0000-0000-0000-000000000030');
INSERT INTO TB_GROUPS_FUNCTIONS (ID, TB_GROUPS_ID, TB_FUNCTIONS_ID,TB_FUNCTIONS_ITEMS_ID) VALUES('10000009-0000-0000-0000-000000000032', '10000005-0000-0000-0000-000000000004', '10000002-0000-0000-0000-000000000009', '10000001-0000-0000-0000-000000000031');
INSERT INTO TB_GROUPS_FUNCTIONS (ID, TB_GROUPS_ID, TB_FUNCTIONS_ID,TB_FUNCTIONS_ITEMS_ID) VALUES('10000009-0000-0000-0000-000000000033', '10000005-0000-0000-0000-000000000004', '10000002-0000-0000-0000-000000000009', '10000001-0000-0000-0000-000000000032');
INSERT INTO TB_GROUPS_FUNCTIONS (ID, TB_GROUPS_ID, TB_FUNCTIONS_ID,TB_FUNCTIONS_ITEMS_ID) VALUES('10000009-0000-0000-0000-000000000034', '10000005-0000-0000-0000-000000000004', '10000002-0000-0000-0000-000000000010', '10000001-0000-0000-0000-000000000033');
INSERT INTO TB_GROUPS_FUNCTIONS (ID, TB_GROUPS_ID, TB_FUNCTIONS_ID,TB_FUNCTIONS_ITEMS_ID) VALUES('10000009-0000-0000-0000-000000000035', '10000005-0000-0000-0000-000000000004', '10000002-0000-0000-0000-000000000010', '10000001-0000-0000-0000-000000000034');
INSERT INTO TB_GROUPS_FUNCTIONS (ID, TB_GROUPS_ID, TB_FUNCTIONS_ID,TB_FUNCTIONS_ITEMS_ID) VALUES('10000009-0000-0000-0000-000000000036', '10000005-0000-0000-0000-000000000004', '10000002-0000-0000-0000-000000000010', '10000001-0000-0000-0000-000000000035');
INSERT INTO TB_GROUPS_FUNCTIONS (ID, TB_GROUPS_ID, TB_FUNCTIONS_ID,TB_FUNCTIONS_ITEMS_ID) VALUES('10000009-0000-0000-0000-000000000037', '10000005-0000-0000-0000-000000000004', '10000002-0000-0000-0000-000000000010', '10000001-0000-0000-0000-000000000036');
INSERT INTO TB_GROUPS_FUNCTIONS (ID, TB_GROUPS_ID, TB_FUNCTIONS_ID,TB_FUNCTIONS_ITEMS_ID) VALUES('10000009-0000-0000-0000-000000000038', '10000005-0000-0000-0000-000000000004', '10000002-0000-0000-0000-000000000011', '10000001-0000-0000-0000-000000000037');
INSERT INTO TB_GROUPS_FUNCTIONS (ID, TB_GROUPS_ID, TB_FUNCTIONS_ID,TB_FUNCTIONS_ITEMS_ID) VALUES('10000009-0000-0000-0000-000000000039', '10000005-0000-0000-0000-000000000004', '10000002-0000-0000-0000-000000000011', '10000001-0000-0000-0000-000000000038');
INSERT INTO TB_GROUPS_FUNCTIONS (ID, TB_GROUPS_ID, TB_FUNCTIONS_ID,TB_FUNCTIONS_ITEMS_ID) VALUES('10000009-0000-0000-0000-000000000040', '10000005-0000-0000-0000-000000000004', '10000002-0000-0000-0000-000000000011', '10000001-0000-0000-0000-000000000039');
INSERT INTO TB_GROUPS_FUNCTIONS (ID, TB_GROUPS_ID, TB_FUNCTIONS_ID,TB_FUNCTIONS_ITEMS_ID) VALUES('10000009-0000-0000-0000-000000000041', '10000005-0000-0000-0000-000000000004', '10000002-0000-0000-0000-000000000011', '10000001-0000-0000-0000-000000000040');
INSERT INTO TB_GROUPS_FUNCTIONS (ID, TB_GROUPS_ID, TB_FUNCTIONS_ID,TB_FUNCTIONS_ITEMS_ID) VALUES('10000009-0000-0000-0000-000000000042', '10000005-0000-0000-0000-000000000004', '10000002-0000-0000-0000-000000000012', '10000001-0000-0000-0000-000000000041');
INSERT INTO TB_GROUPS_FUNCTIONS (ID, TB_GROUPS_ID, TB_FUNCTIONS_ID,TB_FUNCTIONS_ITEMS_ID) VALUES('10000009-0000-0000-0000-000000000043', '10000005-0000-0000-0000-000000000005', '10000002-0000-0000-0000-000000000013', '10000001-0000-0000-0000-000000000042');